Id,Latitude,Longitude
Abidjan,5.345339,-4.026789
Al-Iskandariyah-(Alexandria),31.192471,29.904596
Al-Qahirah-(Cairo),30.039173,31.239411
Ankara,39.91987,32.85427
Baghdad,33.34058,44.40088
Chukyo-M.M.A.-(Nagoya),35.18147,136.90641
Haerbin,45.756325,126.646688
Istanbul,41.0138,28.9497
Lagos,6.45306,3.39583
Shenyang,41.79222,123.43278
Tehran,35.69439,51.42151
Tokyo,35.6895,139.69171
